craft,sub_type,mapped_items,mapped_item_count,mapped_names,mapped_types,faith_need,baseline_red,baseline_green,baseline_blue,circumspect_blue_bonus,raw_loaded_red,raw_loaded_green,raw_loaded_blue,science_output_if_decompose,science_cost_status,point_details,needs,output_to_wgo,energy_expr,time_expr,hidden,one_time,is_auto
surv:paper_clean,SurveySciencePoints,paper_clean,1,Чистая бумага,None,0,0,0,0,0,0,0,0,2,not_captured_probe_0.1.0,,paper_clean:1,science:2,0,0,false,false,true
surv:notes:1,SurveySciencePoints,notes:1,1,Заметки,None,0,0,0,0,0,0,0,0,4,not_captured_probe_0.1.0,,notes:1:1,science:4,0,0,false,false,true
surv:notes:2,SurveySciencePoints,notes:2,1,Заметки,None,0,0,0,0,0,0,0,0,5,not_captured_probe_0.1.0,,notes:2:1,science:5,0,0,false,false,true
surv:notes:3,SurveySciencePoints,notes:3,1,Заметки,None,0,0,0,0,0,0,0,0,7,not_captured_probe_0.1.0,,notes:3:1,science:7,0,0,false,false,true
surv:chapter:1,SurveySciencePoints,chapter:1,1,Глава,None,0,0,0,0,0,0,0,0,15,not_captured_probe_0.1.0,,chapter:1:1,science:15,0,0,false,false,true
surv:chapter:2,SurveySciencePoints,chapter:2,1,Глава,None,0,0,0,0,0,0,0,0,20,not_captured_probe_0.1.0,,chapter:2:1,science:20,0,0,false,false,true
surv:chapter:3,SurveySciencePoints,chapter:3,1,Глава,None,0,0,0,0,0,0,0,0,25,not_captured_probe_0.1.0,,chapter:3:1,science:25,0,0,false,false,true
surv:book:book_hard:1,SurveySciencePoints,book:book_hard:1,1,Книга,None,0,0,0,0,0,0,0,0,30,not_captured_probe_0.1.0,,book:book_hard:1:1,science:30,0,0,false,false,true
surv:book:book_hard:2,SurveySciencePoints,book:book_hard:2,1,Книга,None,0,0,0,0,0,0,0,0,50,not_captured_probe_0.1.0,,book:book_hard:2:1,science:50,0,0,false,false,true
surv:book:book_hard:3,SurveySciencePoints,book:book_hard:3,1,Книга,None,0,0,0,0,0,0,0,0,75,not_captured_probe_0.1.0,,book:book_hard:3:1,science:75,0,0,false,false,true
surv:lense,SurveySciencePoints,lense,1,Линза,None,0,0,0,0,0,0,0,0,20,not_captured_probe_0.1.0,,lense:1,science:20,0,0,false,false,true
surv:crop_waste,None,crop_waste,1,Компост,None,1,0,10,0,1,0,10,1,0,not_captured_probe_0.1.0,"b:value=1,chance_group=-1,self=,common=,min=1*Ppar(""buff_survay""),max=;g:value=10,chance_group=-1,self=,common=,min=,max=",crop_waste:1;faith:1,,0,1,false,true,false
surv:wheat_seed,None,wheat_seed,1,Семена пшеницы,None,1,0,10,0,1,0,10,1,0,not_captured_probe_0.1.0,"b:value=1,chance_group=-1,self=,common=,min=1*Ppar(""buff_survay""),max=;g:value=10,chance_group=-1,self=,common=,min=,max=",wheat_seed:1;faith:1,,0,1,false,true,false
surv:wheat_crop,None,wheat_crop,1,Пшеница,None,1,0,10,0,1,0,10,1,0,not_captured_probe_0.1.0,"b:value=1,chance_group=-1,self=,common=,min=1*Ppar(""buff_survay""),max=;g:value=10,chance_group=-1,self=,common=,min=,max=",wheat_crop:1;faith:1,,0,1,false,true,false
surv:cabbage_seed,None,cabbage_seed,1,Семена капусты,None,1,0,10,0,1,0,10,1,0,not_captured_probe_0.1.0,"b:value=1,chance_group=-1,self=,common=,min=1*Ppar(""buff_survay""),max=;g:value=10,chance_group=-1,self=,common=,min=,max=",cabbage_seed:1;faith:1,,0,1,false,true,false
surv:cabbage_crop,None,cabbage_crop,1,Капуста,None,1,0,10,0,1,0,10,1,0,not_captured_probe_0.1.0,"b:value=1,chance_group=-1,self=,common=,min=1*Ppar(""buff_survay""),max=;g:value=10,chance_group=-1,self=,common=,min=,max=",cabbage_crop:1;faith:1,,0,1,false,true,false
surv:hiccup_grass,None,hiccup_grass,1,Ик-трава,None,1,0,10,0,1,0,10,1,0,not_captured_probe_0.1.0,"b:value=1,chance_group=-1,self=,common=,min=1*Ppar(""buff_survay""),max=;g:value=10,chance_group=-1,self=,common=,min=,max=",hiccup_grass:1;faith:1,,0,1,false,true,false
surv:carrot_seed,None,carrot_seed,1,Семена моркови,None,1,0,10,0,1,0,10,1,0,not_captured_probe_0.1.0,"b:value=1,chance_group=-1,self=,common=,min=1*Ppar(""buff_survay""),max=;g:value=10,chance_group=-1,self=,common=,min=,max=",carrot_seed:1;faith:1,,0,1,false,true,false
surv:carrot_crop,None,carrot_crop,1,Морковь,None,1,0,10,0,1,0,10,1,0,not_captured_probe_0.1.0,"b:value=1,chance_group=-1,self=,common=,min=1*Ppar(""buff_survay""),max=;g:value=10,chance_group=-1,self=,common=,min=,max=",carrot_crop:1;faith:1,,0,1,false,true,false
surv:onion_seed,None,onion_seed:1;onion_seed:2;onion_seed:3,3,Семена лука;Семена лука;Семена лука,None,2,0,20,0,1,0,20,1,0,not_captured_probe_0.1.0,"b:value=1,chance_group=-1,self=,common=,min=1*Ppar(""buff_survay""),max=;g:value=20,chance_group=-1,self=,common=,min=,max=",onion_seed:1;faith:2,,0,1,false,true,false
surv:onion_crop,None,onion_crop:1;onion_crop:2;onion_crop:3,3,Лук;Лук;Лук,None,2,0,20,0,1,0,20,1,0,not_captured_probe_0.1.0,"b:value=1,chance_group=-1,self=,common=,min=1*Ppar(""buff_survay""),max=;g:value=20,chance_group=-1,self=,common=,min=,max=",onion_crop:1;faith:2,,0,1,false,true,false
surv:beet_seed,None,beet_seed,1,Семена свёклы,None,2,0,20,0,1,0,20,1,0,not_captured_probe_0.1.0,"b:value=1,chance_group=-1,self=,common=,min=1*Ppar(""buff_survay""),max=;g:value=20,chance_group=-1,self=,common=,min=,max=",beet_seed:1;faith:2,,0,1,false,true,false
surv:beet_crop,None,beet_crop,1,Свёкла,None,2,0,20,0,1,0,20,1,0,not_captured_probe_0.1.0,"b:value=1,chance_group=-1,self=,common=,min=1*Ppar(""buff_survay""),max=;g:value=20,chance_group=-1,self=,common=,min=,max=",beet_crop:1;faith:2,,0,1,false,true,false
surv:lentils_seed,None,lentils_seed:1;lentils_seed:2;lentils_seed:3,3,Семена чечевицы;Семена чечевицы;Семена чечевицы,None,3,0,30,0,1,0,30,1,0,not_captured_probe_0.1.0,"b:value=1,chance_group=-1,self=,common=,min=1*Ppar(""buff_survay""),max=;g:value=30,chance_group=-1,self=,common=,min=,max=",lentils_seed:1;faith:3,,0,1,false,true,false
surv:lentils_crop,None,lentils_crop:1;lentils_crop:2;lentils_crop:3,3,Чечевица;Чечевица;Чечевица,None,3,0,30,0,1,0,30,1,0,not_captured_probe_0.1.0,"b:value=1,chance_group=-1,self=,common=,min=1*Ppar(""buff_survay""),max=;g:value=30,chance_group=-1,self=,common=,min=,max=",lentils_crop:1;faith:3,,0,1,false,true,false
surv:pumpkin_seed,None,pumpkin_seed:1;pumpkin_seed:2;pumpkin_seed:3,3,Семена тыквы;Семена тыквы;Семена тыквы,None,3,0,30,0,1,0,30,1,0,not_captured_probe_0.1.0,"b:value=1,chance_group=-1,self=,common=,min=1*Ppar(""buff_survay""),max=;g:value=30,chance_group=-1,self=,common=,min=,max=",pumpkin_seed:1;faith:3,,0,1,false,true,false
surv:pumpkin_crop,None,pumpkin_crop:1;pumpkin_crop:2;pumpkin_crop:3,3,Тыква;Тыква;Тыква,None,3,0,30,0,1,0,30,1,0,not_captured_probe_0.1.0,"b:value=1,chance_group=-1,self=,common=,min=1*Ppar(""buff_survay""),max=;g:value=30,chance_group=-1,self=,common=,min=,max=",pumpkin_crop:1;faith:3,,0,1,false,true,false
surv:hamp_seed,None,hamp_seed:1;hamp_seed:2;hamp_seed:3,3,Семена конопли;Семена конопли;Семена конопли,None,4,0,40,0,1,0,40,1,0,not_captured_probe_0.1.0,"b:value=1,chance_group=-1,self=,common=,min=1*Ppar(""buff_survay""),max=;g:value=40,chance_group=-1,self=,common=,min=,max=",hamp_seed:1;faith:4,,0,1,false,true,false
surv:hamp_crop,None,hamp_crop:1;hamp_crop:2;hamp_crop:3,3,Конопля;Конопля;Конопля,None,4,0,40,0,1,0,40,1,0,not_captured_probe_0.1.0,"b:value=1,chance_group=-1,self=,common=,min=1*Ppar(""buff_survay""),max=;g:value=40,chance_group=-1,self=,common=,min=,max=",hamp_crop:1;faith:4,,0,1,false,true,false
surv:hop_seed,None,hop_seed:1;hop_seed:2;hop_seed:3,3,Семена хмеля;Семена хмеля;Семена хмеля,None,4,0,40,0,1,0,40,1,0,not_captured_probe_0.1.0,"b:value=1,chance_group=-1,self=,common=,min=1*Ppar(""buff_survay""),max=;g:value=40,chance_group=-1,self=,common=,min=,max=",hop_seed:1;faith:4,,0,1,false,true,false
surv:hop_crop,None,hop_crop:1;hop_crop:2;hop_crop:3,3,Хмель;Хмель;Хмель,None,4,0,40,0,1,0,40,1,0,not_captured_probe_0.1.0,"b:value=1,chance_group=-1,self=,common=,min=1*Ppar(""buff_survay""),max=;g:value=40,chance_group=-1,self=,common=,min=,max=",hop_crop:1;faith:4,,0,1,false,true,false
surv:grapes_seed,None,grapes_seed:1;grapes_seed:2;grapes_seed:3,3,Семена винограда;Семена винограда;Семена винограда,None,5,0,50,0,1,0,50,1,0,not_captured_probe_0.1.0,"b:value=1,chance_group=-1,self=,common=,min=1*Ppar(""buff_survay""),max=;g:value=50,chance_group=-1,self=,common=,min=,max=",grapes_seed:1;faith:5,,0,1,false,true,false
surv:fruit:grapes_crop,None,fruit:grapes_crop:1;fruit:grapes_crop:2;fruit:grapes_crop:3,3,Виноград;Виноград;Виноград,None,5,0,50,0,1,0,50,1,0,not_captured_probe_0.1.0,"b:value=1,chance_group=-1,self=,common=,min=1*Ppar(""buff_survay""),max=;g:value=50,chance_group=-1,self=,common=,min=,max=",fruit:grapes_crop:1;faith:5,,0,1,false,true,false
surv:sack_clock_gold,None,sack_clock_gold,1,Удобрение ускоряющее рост II,None,5,0,50,0,1,0,50,1,0,not_captured_probe_0.1.0,"b:value=1,chance_group=-1,self=,common=,min=1*Ppar(""buff_survay""),max=;g:value=50,chance_group=-1,self=,common=,min=,max=",sack_clock_gold:1;faith:5,,0,1,false,true,false
surv:sack_clock_silver,None,sack_clock_silver,1,Удобрение ускоряющее рост I,None,3,0,30,0,1,0,30,1,0,not_captured_probe_0.1.0,"b:value=1,chance_group=-1,self=,common=,min=1*Ppar(""buff_survay""),max=;g:value=30,chance_group=-1,self=,common=,min=,max=",sack_clock_silver:1;faith:3,,0,1,false,true,false
surv:sack_star_gold,None,sack_star_gold,1,Удобрение качества II,None,5,0,50,0,1,0,50,1,0,not_captured_probe_0.1.0,"b:value=1,chance_group=-1,self=,common=,min=1*Ppar(""buff_survay""),max=;g:value=50,chance_group=-1,self=,common=,min=,max=",sack_star_gold:1;faith:5,,0,1,false,true,false
surv:sack_star_silver,None,sack_star_silver,1,Удобрение качества I,None,3,0,30,0,1,0,30,1,0,not_captured_probe_0.1.0,"b:value=1,chance_group=-1,self=,common=,min=1*Ppar(""buff_survay""),max=;g:value=30,chance_group=-1,self=,common=,min=,max=",sack_star_silver:1;faith:3,,0,1,false,true,false
surv:peat,None,peat,1,Торф,None,1,0,10,0,1,0,10,1,0,not_captured_probe_0.1.0,"b:value=1,chance_group=-1,self=,common=,min=1*Ppar(""buff_survay""),max=;g:value=10,chance_group=-1,self=,common=,min=,max=",peat:1;faith:1,,0,1,false,true,false
surv:rope_hemp,None,rope_hemp,1,Конопляная веревка,None,1,0,10,0,1,0,10,1,0,not_captured_probe_0.1.0,"b:value=1,chance_group=-1,self=,common=,min=1*Ppar(""buff_survay""),max=;g:value=10,chance_group=-1,self=,common=,min=,max=",rope_hemp:1;faith:1,,0,1,false,true,false
surv:skin_pig,None,skin_pig,1,Свиная кожа,None,1,0,10,0,1,0,10,1,0,not_captured_probe_0.1.0,"b:value=1,chance_group=-1,self=,common=,min=1*Ppar(""buff_survay""),max=;g:value=10,chance_group=-1,self=,common=,min=,max=",skin_pig:1;faith:1,,0,1,false,true,false
surv:fish_frog_green,None,fish_frog_green,1,Лягушка,None,2,0,20,0,1,0,20,1,0,not_captured_probe_0.1.0,"b:value=1,chance_group=-1,self=,common=,min=1*Ppar(""buff_survay""),max=;g:value=20,chance_group=-1,self=,common=,min=,max=",fish_frog_green:1;faith:2,,1,1,false,true,false
surv:fish_gudgeon,None,fish_gudgeon,1,Пескарь,Bait,2,0,20,0,1,0,20,1,0,not_captured_probe_0.1.0,"b:value=1,chance_group=-1,self=,common=,min=1*Ppar(""buff_survay""),max=;g:value=20,chance_group=-1,self=,common=,min=,max=",fish_gudgeon:1;faith:2,,1,1,false,true,false
surv:fish_anchovy,None,fish_anchovy,1,Килька,Bait,2,0,20,0,1,0,20,1,0,not_captured_probe_0.1.0,"b:value=1,chance_group=-1,self=,common=,min=1*Ppar(""buff_survay""),max=;g:value=20,chance_group=-1,self=,common=,min=,max=",fish_anchovy:1;faith:2,,1,1,false,true,false
surv:fish_bream,None,fish_bream:1;fish_bream:2,2,Лещ;Лещ,None,2,0,20,0,1,0,20,1,0,not_captured_probe_0.1.0,"b:value=1,chance_group=-1,self=,common=,min=1*Ppar(""buff_survay""),max=;g:value=20,chance_group=-1,self=,common=,min=,max=",fish_bream:1;faith:2,,1,1,false,true,false
surv:fish_carp,None,fish_carp,1,Карп,None,2,0,20,0,1,0,20,1,0,not_captured_probe_0.1.0,"b:value=1,chance_group=-1,self=,common=,min=1*Ppar(""buff_survay""),max=;g:value=20,chance_group=-1,self=,common=,min=,max=",fish_carp:1;faith:2,,1,1,false,true,false
surv:fish_perch,None,fish_perch,1,Окунь,None,2,0,20,0,1,0,20,1,0,not_captured_probe_0.1.0,"b:value=1,chance_group=-1,self=,common=,min=1*Ppar(""buff_survay""),max=;g:value=20,chance_group=-1,self=,common=,min=,max=",fish_perch:1;faith:2,,1,1,false,true,false
surv:fish_eel,None,fish_eel,1,Угорь,None,3,0,30,0,1,0,30,1,0,not_captured_probe_0.1.0,"b:value=1,chance_group=-1,self=,common=,min=1*Ppar(""buff_survay""),max=;g:value=30,chance_group=-1,self=,common=,min=,max=",fish_eel:1;faith:3,,1,1,false,true,false
surv:fish_tilapia,None,fish_tilapia,1,Тиляпия,None,3,0,30,0,1,0,30,1,0,not_captured_probe_0.1.0,"b:value=1,chance_group=-1,self=,common=,min=1*Ppar(""buff_survay""),max=;g:value=30,chance_group=-1,self=,common=,min=,max=",fish_tilapia:1;faith:3,,1,1,false,true,false
surv:fish_tuna,None,fish_tuna:1;fish_tuna:2,2,Тунец;Тунец,None,3,0,30,0,1,0,30,1,0,not_captured_probe_0.1.0,"b:value=1,chance_group=-1,self=,common=,min=1*Ppar(""buff_survay""),max=;g:value=30,chance_group=-1,self=,common=,min=,max=",fish_tuna:1;faith:3,,1,1,false,true,false
surv:fish_sardine,None,fish_sardine:1;fish_sardine:2,2,Сардина;Сардина,None,3,0,30,0,1,0,30,1,0,not_captured_probe_0.1.0,"b:value=1,chance_group=-1,self=,common=,min=1*Ppar(""buff_survay""),max=;g:value=30,chance_group=-1,self=,common=,min=,max=",fish_sardine:1;faith:3,,1,1,false,true,false
surv:fish_pike,None,fish_pike:1;fish_pike:2,2,Щука;Щука,None,3,0,30,0,1,0,30,1,0,not_captured_probe_0.1.0,"b:value=1,chance_group=-1,self=,common=,min=1*Ppar(""buff_survay""),max=;g:value=30,chance_group=-1,self=,common=,min=,max=",fish_pike:1;faith:3,,1,1,false,true,false
surv:fish_sturgeon,None,fish_sturgeon:2;fish_sturgeon:3,2,Осетр;Осетр,None,3,0,30,0,1,0,30,1,0,not_captured_probe_0.1.0,"b:value=1,chance_group=-1,self=,common=,min=1*Ppar(""buff_survay""),max=;g:value=30,chance_group=-1,self=,common=,min=,max=",fish_sturgeon:1;faith:3,,1,1,false,true,false
surv:fish_salmon,None,fish_salmon:2;fish_salmon:3,2,Лосось;Лосось,None,5,0,50,0,1,0,50,1,0,not_captured_probe_0.1.0,"b:value=1,chance_group=-1,self=,common=,min=1*Ppar(""buff_survay""),max=;g:value=50,chance_group=-1,self=,common=,min=,max=",fish_salmon:1;faith:5,,1,1,false,true,false
surv:fish_crucian_silver,None,fish_crucian_silver:1;fish_crucian_silver:2,2,Серебряный карась;Серебряный карась,None,5,0,50,0,1,0,50,1,0,not_captured_probe_0.1.0,"b:value=1,chance_group=-1,self=,common=,min=1*Ppar(""buff_survay""),max=;g:value=50,chance_group=-1,self=,common=,min=,max=",fish_crucian_silver:1;faith:5,,1,1,false,true,false
surv:fish_crucian_gold,None,fish_crucian_gold,1,Золотой карась,None,5,0,50,0,1,0,50,1,0,not_captured_probe_0.1.0,"b:value=1,chance_group=-1,self=,common=,min=1*Ppar(""buff_survay""),max=;g:value=50,chance_group=-1,self=,common=,min=,max=",fish_crucian_gold:1;faith:5,,1,1,false,true,false
surv:fish_goldfish,None,fish_goldfish,1,Золотая рыбка,None,5,0,50,0,1,0,50,1,0,not_captured_probe_0.1.0,"b:value=1,chance_group=-1,self=,common=,min=1*Ppar(""buff_survay""),max=;g:value=50,chance_group=-1,self=,common=,min=,max=",fish_goldfish:1;faith:5,,1,1,false,true,false
surv:fruit:berry,None,fruit:berry,1,Ягоды,None,1,0,10,0,1,0,10,1,0,not_captured_probe_0.1.0,"b:value=1,chance_group=-1,self=,common=,min=1*Ppar(""buff_survay""),max=;g:value=10,chance_group=-1,self=,common=,min=,max=",fruit:berry:1;faith:1,,5,3,false,true,false
surv:fruit:apple_red_crop,None,fruit:apple_red_crop,1,Красное яблоко,None,1,0,10,0,1,0,10,1,0,not_captured_probe_0.1.0,"b:value=1,chance_group=-1,self=,common=,min=1*Ppar(""buff_survay""),max=;g:value=10,chance_group=-1,self=,common=,min=,max=",fruit:apple_red_crop:1;faith:1,,5,3,false,true,false
surv:nori,None,nori,1,Лист нори,None,1,0,10,0,1,0,10,1,0,not_captured_probe_0.1.0,"b:value=1,chance_group=-1,self=,common=,min=1*Ppar(""buff_survay""),max=;g:value=10,chance_group=-1,self=,common=,min=,max=",nori:1;faith:1,,5,3,false,true,false
surv:butterfly,None,butterfly,1,Бабочка,Bait,1,0,10,0,1,0,10,1,0,not_captured_probe_0.1.0,"b:value=1,chance_group=-1,self=,common=,min=1*Ppar(""buff_survay""),max=;g:value=10,chance_group=-1,self=,common=,min=,max=",butterfly:1;faith:1,,5,3,false,true,false
surv:moth,None,moth,1,Мотылёк,Bait,1,0,10,0,1,0,10,1,0,not_captured_probe_0.1.0,"b:value=1,chance_group=-1,self=,common=,min=1*Ppar(""buff_survay""),max=;g:value=10,chance_group=-1,self=,common=,min=,max=",moth:1;faith:1,,5,3,false,true,false
surv:honey,None,honey,1,Мёд,None,2,0,20,0,1,0,20,1,0,not_captured_probe_0.1.0,"b:value=1,chance_group=-1,self=,common=,min=1*Ppar(""buff_survay""),max=;g:value=20,chance_group=-1,self=,common=,min=,max=",honey:1;faith:2,,5,3,false,true,false
surv:beeswax,None,beeswax,1,Пчелиный воск,None,2,0,20,0,1,0,20,1,0,not_captured_probe_0.1.0,"b:value=1,chance_group=-1,self=,common=,min=1*Ppar(""buff_survay""),max=;g:value=20,chance_group=-1,self=,common=,min=,max=",beeswax:1;faith:2,,5,3,false,true,false
surv:flw_chamomile,None,flw_chamomile,1,Белый цветок,None,1,0,10,0,1,0,10,1,0,not_captured_probe_0.1.0,"b:value=1,chance_group=-1,self=,common=,min=1*Ppar(""buff_survay""),max=;g:value=10,chance_group=-1,self=,common=,min=,max=",flw_chamomile:1;faith:1,,5,3,false,true,false
surv:flw_dandelion,None,flw_dandelion,1,Желтый цветок,None,1,0,10,0,1,0,10,1,0,not_captured_probe_0.1.0,"b:value=1,chance_group=-1,self=,common=,min=1*Ppar(""buff_survay""),max=;g:value=10,chance_group=-1,self=,common=,min=,max=",flw_dandelion:1;faith:1,,5,3,false,true,false
surv:flw_poppy,None,flw_poppy,1,Красный цветок,None,1,0,10,0,1,0,10,1,0,not_captured_probe_0.1.0,"b:value=1,chance_group=-1,self=,common=,min=1*Ppar(""buff_survay""),max=;g:value=10,chance_group=-1,self=,common=,min=,max=",flw_poppy:1;faith:1,,5,3,false,true,false
surv:shr_boletus,None,shr_boletus,1,Съедобный гриб,None,1,0,10,0,1,0,10,1,0,not_captured_probe_0.1.0,"b:value=1,chance_group=-1,self=,common=,min=1*Ppar(""buff_survay""),max=;g:value=10,chance_group=-1,self=,common=,min=,max=",shr_boletus:1;faith:1,,5,3,false,true,false
surv:bee,None,bee,1,Пчела,None,3,0,30,0,1,0,30,1,0,not_captured_probe_0.1.0,"b:value=1,chance_group=-1,self=,common=,min=1*Ppar(""buff_survay""),max=;g:value=30,chance_group=-1,self=,common=,min=,max=",bee:1;faith:3,,5,3,false,true,false
surv:shr_agaric,None,shr_agaric,1,Красный гриб,None,3,0,30,0,1,0,30,1,0,not_captured_probe_0.1.0,"b:value=1,chance_group=-1,self=,common=,min=1*Ppar(""buff_survay""),max=;g:value=30,chance_group=-1,self=,common=,min=,max=",shr_agaric:1;faith:3,,5,3,false,true,false
surv:bat_wing,None,bat_wing,1,Крыло летучей мыши,None,1,0,10,0,1,0,10,1,0,not_captured_probe_0.1.0,"b:value=1,chance_group=-1,self=,common=,min=1*Ppar(""buff_survay""),max=;g:value=10,chance_group=-1,self=,common=,min=,max=",bat_wing:1;faith:1,,5,3,false,true,false
surv:jelly_slug,None,jelly_slug,1,Зелёное желе,None,1,0,10,0,1,0,10,1,0,not_captured_probe_0.1.0,"b:value=1,chance_group=-1,self=,common=,min=1*Ppar(""buff_survay""),max=;g:value=10,chance_group=-1,self=,common=,min=,max=",jelly_slug:1;faith:1,,5,3,false,true,false
surv:jelly_slug_blue,None,jelly_slug_blue,1,Синее желе,None,1,10,0,0,1,10,0,1,0,not_captured_probe_0.1.0,"b:value=1,chance_group=-1,self=,common=,min=1*Ppar(""buff_survay""),max=;r:value=10,chance_group=-1,self=,common=,min=,max=",jelly_slug_blue:1;faith:1,,5,3,false,true,false
surv:jelly_slug_orange,None,jelly_slug_orange,1,Оранжевое желе,None,1,10,0,0,1,10,0,1,0,not_captured_probe_0.1.0,"b:value=1,chance_group=-1,self=,common=,min=1*Ppar(""buff_survay""),max=;r:value=10,chance_group=-1,self=,common=,min=,max=",jelly_slug_orange:1;faith:1,,5,3,false,true,false
surv:jelly_slug_black,None,jelly_slug_black,1,Чёрное желе,None,1,10,0,0,1,10,0,1,0,not_captured_probe_0.1.0,"b:value=1,chance_group=-1,self=,common=,min=1*Ppar(""buff_survay""),max=;r:value=10,chance_group=-1,self=,common=,min=,max=",jelly_slug_black:1;faith:1,,5,3,false,true,false
surv:spider_web,None,spider_web,1,Паутина,None,1,0,10,0,1,0,10,1,0,not_captured_probe_0.1.0,"b:value=1,chance_group=-1,self=,common=,min=1*Ppar(""buff_survay""),max=;g:value=10,chance_group=-1,self=,common=,min=,max=",spider_web:1;faith:1,,5,3,false,true,false
surv:slime,None,slime,1,Слизь,None,1,0,10,0,1,0,10,1,0,not_captured_probe_0.1.0,"b:value=1,chance_group=-1,self=,common=,min=1*Ppar(""buff_survay""),max=;g:value=10,chance_group=-1,self=,common=,min=,max=",slime:1;faith:1,,5,3,false,true,false
surv:alchemy_1_yellow_electro,None,alchemy_1_yellow_electro,1,Электрический порошок,None,1,5,0,5,1,5,0,6,0,not_captured_probe_0.1.0,"b:value=1,chance_group=-1,self=,common=,min=1*Ppar(""buff_survay""),max=;r:value=5,chance_group=-1,self=,common=,min=,max=;b:value=5,chance_group=-1,self=,common=,min=,max=",alchemy_1_yellow_electro:1;faith:1,,5,3,false,true,false
surv:ash,None,ash,1,Пепел,None,1,0,10,0,1,0,10,1,0,not_captured_probe_0.1.0,"b:value=1,chance_group=-1,self=,common=,min=1*Ppar(""buff_survay""),max=;g:value=10,chance_group=-1,self=,common=,min=,max=",ash:1;faith:1,,5,3,false,true,false
surv:sand_river,None,sand_river,1,Речной песок,None,1,0,10,0,1,0,10,1,0,not_captured_probe_0.1.0,"b:value=1,chance_group=-1,self=,common=,min=1*Ppar(""buff_survay""),max=;g:value=10,chance_group=-1,self=,common=,min=,max=",sand_river:1;faith:1,,5,3,false,true,false
surv:1h_ore_metal,None,1h_ore_metal,1,Железная руда,None,1,0,10,0,1,0,10,1,0,not_captured_probe_0.1.0,"b:value=1,chance_group=-1,self=,common=,min=1*Ppar(""buff_survay""),max=;g:value=10,chance_group=-1,self=,common=,min=,max=",1h_ore_metal:1;faith:1,,5,3,false,true,false
surv:ingot_metal,None,ingot_metal,1,Железный слиток,None,1,10,10,0,1,10,10,1,0,not_captured_probe_0.1.0,"b:value=1,chance_group=-1,self=,common=,min=1*Ppar(""buff_survay""),max=;r:value=10,chance_group=-1,self=,common=,min=,max=;g:value=10,chance_group=-1,self=,common=,min=,max=",ingot_metal:1;faith:1,,5,3,false,true,false
surv:nails,None,nails,1,Гвозди,None,1,10,0,0,1,10,0,1,0,not_captured_probe_0.1.0,"b:value=1,chance_group=-1,self=,common=,min=1*Ppar(""buff_survay""),max=;r:value=10,chance_group=-1,self=,common=,min=,max=",nails:1;faith:1,,5,3,false,true,false
surv:detail_1,None,detail_1,1,Простые железные детали,None,1,10,0,0,1,10,0,1,0,not_captured_probe_0.1.0,"b:value=1,chance_group=-1,self=,common=,min=1*Ppar(""buff_survay""),max=;r:value=10,chance_group=-1,self=,common=,min=,max=",detail_1:1;faith:1,,5,3,false,true,false
surv:glass_0,None,glass_0,1,Стекло,None,1,10,0,0,1,10,0,1,0,not_captured_probe_0.1.0,"b:value=1,chance_group=-1,self=,common=,min=1*Ppar(""buff_survay""),max=;r:value=10,chance_group=-1,self=,common=,min=,max=",glass_0:1;faith:1,,5,3,false,true,false
surv:hammer_0,None,hammer_0,1,Ржавый молоток,Hammer,1,10,0,0,1,10,0,1,0,not_captured_probe_0.1.0,"b:value=1,chance_group=-1,self=,common=,min=1*Ppar(""buff_survay""),max=;r:value=10,chance_group=-1,self=,common=,min=,max=",hammer_0:1;faith:1,,5,3,false,true,false
surv:axe_0,None,axe_0,1,Ржавый топор,Axe,1,10,0,0,1,10,0,1,0,not_captured_probe_0.1.0,"b:value=1,chance_group=-1,self=,common=,min=1*Ppar(""buff_survay""),max=;r:value=10,chance_group=-1,self=,common=,min=,max=",axe_0:1;faith:1,,5,3,false,true,false
surv:pickaxe_0,None,pickaxe_0,1,Ржавая кирка,Pickaxe,1,10,0,0,1,10,0,1,0,not_captured_probe_0.1.0,"b:value=1,chance_group=-1,self=,common=,min=1*Ppar(""buff_survay""),max=;r:value=10,chance_group=-1,self=,common=,min=,max=",pickaxe_0:1;faith:1,,5,3,false,true,false
surv:shovel_0,None,shovel_0,1,Ржавая лопата,Shovel,1,10,0,0,1,10,0,1,0,not_captured_probe_0.1.0,"b:value=1,chance_group=-1,self=,common=,min=1*Ppar(""buff_survay""),max=;r:value=10,chance_group=-1,self=,common=,min=,max=",shovel_0:1;faith:1,,5,3,false,true,false
surv:sword_0,None,sword_0,1,Ржавый меч,Sword,1,10,0,0,1,10,0,1,0,not_captured_probe_0.1.0,"b:value=1,chance_group=-1,self=,common=,min=1*Ppar(""buff_survay""),max=;r:value=10,chance_group=-1,self=,common=,min=,max=",sword_0:1;faith:1,,5,3,false,true,false
surv:nugget_silver,None,nugget_silver,1,Серебряный самородок,None,2,0,20,0,1,0,20,1,0,not_captured_probe_0.1.0,"b:value=1,chance_group=-1,self=,common=,min=1*Ppar(""buff_survay""),max=;g:value=20,chance_group=-1,self=,common=,min=,max=",nugget_silver:1;faith:2,,5,3,false,true,false
surv:nugget_gold,None,nugget_gold,1,Золотой самородок,None,2,0,20,0,1,0,20,1,0,not_captured_probe_0.1.0,"b:value=1,chance_group=-1,self=,common=,min=1*Ppar(""buff_survay""),max=;g:value=20,chance_group=-1,self=,common=,min=,max=",nugget_gold:1;faith:2,,5,3,false,true,false
surv:lifestone,None,lifestone,1,Известняк,None,2,0,20,0,1,0,20,1,0,not_captured_probe_0.1.0,"b:value=1,chance_group=-1,self=,common=,min=1*Ppar(""buff_survay""),max=;g:value=20,chance_group=-1,self=,common=,min=,max=",lifestone:1;faith:2,,5,3,false,true,false
surv:maggot,None,maggot,1,Личинка,Bait,2,0,20,0,1,0,20,1,0,not_captured_probe_0.1.0,"b:value=1,chance_group=-1,self=,common=,min=1*Ppar(""buff_survay""),max=;g:value=20,chance_group=-1,self=,common=,min=,max=",maggot:1;faith:2,,5,3,false,true,false
surv:detail_2,None,detail_2,1,Сложные железные детали,None,2,20,0,0,1,20,0,1,0,not_captured_probe_0.1.0,"b:value=1,chance_group=-1,self=,common=,min=1*Ppar(""buff_survay""),max=;r:value=20,chance_group=-1,self=,common=,min=,max=",detail_2:1;faith:2,,5,3,false,true,false
surv:graphite,None,graphite,1,Графит,None,2,0,20,0,1,0,20,1,0,not_captured_probe_0.1.0,"b:value=1,chance_group=-1,self=,common=,min=1*Ppar(""buff_survay""),max=;g:value=20,chance_group=-1,self=,common=,min=,max=",graphite:1;faith:2,,5,3,false,true,false
surv:glass_1,None,glass_1,1,Колбы,None,2,20,0,0,1,20,0,1,0,not_captured_probe_0.1.0,"b:value=1,chance_group=-1,self=,common=,min=1*Ppar(""buff_survay""),max=;r:value=20,chance_group=-1,self=,common=,min=,max=",glass_1:1;faith:2,,5,3,false,true,false
surv:ingot_steel,None,ingot_steel,1,Слиток стали,None,3,30,0,0,1,30,0,1,0,not_captured_probe_0.1.0,"b:value=1,chance_group=-1,self=,common=,min=1*Ppar(""buff_survay""),max=;r:value=30,chance_group=-1,self=,common=,min=,max=",ingot_steel:1;faith:3,,5,3,false,true,false
surv:axe_1,None,axe_1,1,Топор I,Axe,3,30,0,0,1,30,0,1,0,not_captured_probe_0.1.0,"b:value=1,chance_group=-1,self=,common=,min=1*Ppar(""buff_survay""),max=;r:value=30,chance_group=-1,self=,common=,min=,max=",axe_1:1;faith:3,,5,3,false,true,false
surv:pickaxe_1,None,pickaxe_1,1,Кирка I,Pickaxe,3,30,0,0,1,30,0,1,0,not_captured_probe_0.1.0,"b:value=1,chance_group=-1,self=,common=,min=1*Ppar(""buff_survay""),max=;r:value=30,chance_group=-1,self=,common=,min=,max=",pickaxe_1:1;faith:3,,5,3,false,true,false
surv:shovel_1,None,shovel_1,1,Лопата I,Shovel,3,30,0,0,1,30,0,1,0,not_captured_probe_0.1.0,"b:value=1,chance_group=-1,self=,common=,min=1*Ppar(""buff_survay""),max=;r:value=30,chance_group=-1,self=,common=,min=,max=",shovel_1:1;faith:3,,5,3,false,true,false
surv:chisel:chisel_1,None,chisel:chisel_1,1,Железная стамеска,None,3,30,0,0,1,30,0,1,0,not_captured_probe_0.1.0,"b:value=1,chance_group=-1,self=,common=,min=1*Ppar(""buff_survay""),max=;r:value=30,chance_group=-1,self=,common=,min=,max=",chisel:chisel_1:1;faith:3,,5,3,false,true,false
surv:sword_1,None,sword_1,1,Меч,Sword,3,30,0,0,1,30,0,1,0,not_captured_probe_0.1.0,"b:value=1,chance_group=-1,self=,common=,min=1*Ppar(""buff_survay""),max=;r:value=30,chance_group=-1,self=,common=,min=,max=",sword_1:1;faith:3,,5,3,false,true,false
surv:armor_lamellar_1,None,armor_lamellar_1,1,Железная броня,BodyArmor,3,30,0,0,1,30,0,1,0,not_captured_probe_0.1.0,"b:value=1,chance_group=-1,self=,common=,min=1*Ppar(""buff_survay""),max=;r:value=30,chance_group=-1,self=,common=,min=,max=",armor_lamellar_1:1;faith:3,,5,3,false,true,false
surv:ingot_silver,None,ingot_silver,1,Слиток серебра,None,5,50,0,0,1,50,0,1,0,not_captured_probe_0.1.0,"b:value=1,chance_group=-1,self=,common=,min=1*Ppar(""buff_survay""),max=;r:value=50,chance_group=-1,self=,common=,min=,max=",ingot_silver:1;faith:5,,5,3,false,true,false
surv:ingot_gold,None,ingot_gold,1,Слиток золота,None,5,50,0,0,1,50,0,1,0,not_captured_probe_0.1.0,"b:value=1,chance_group=-1,self=,common=,min=1*Ppar(""buff_survay""),max=;r:value=50,chance_group=-1,self=,common=,min=,max=",ingot_gold:1;faith:5,,5,3,false,true,false
surv:detail_3,None,detail_3,1,Стальные части,None,5,50,0,0,1,50,0,1,0,not_captured_probe_0.1.0,"b:value=1,chance_group=-1,self=,common=,min=1*Ppar(""buff_survay""),max=;r:value=50,chance_group=-1,self=,common=,min=,max=",detail_3:1;faith:5,,5,3,false,true,false
surv:glass_2,None,glass_2,1,Сложные колбы,None,5,50,0,0,1,50,0,1,0,not_captured_probe_0.1.0,"b:value=1,chance_group=-1,self=,common=,min=1*Ppar(""buff_survay""),max=;r:value=50,chance_group=-1,self=,common=,min=,max=",glass_2:1;faith:5,,5,3,false,true,false
surv:chisel:chisel_2,None,chisel:chisel_2:1;chisel:chisel_2:2;chisel:chisel_2:3,3,Стальная стамеска;Стальная стамеска;Стальная стамеска,None,5,50,0,0,1,50,0,1,0,not_captured_probe_0.1.0,"b:value=1,chance_group=-1,self=,common=,min=1*Ppar(""buff_survay""),max=;r:value=50,chance_group=-1,self=,common=,min=,max=",chisel:chisel_2:1;faith:5,,5,3,false,true,false
surv:hammer_2,None,hammer_2,1,Железный молоток,Hammer,10,100,0,0,1,100,0,1,0,not_captured_probe_0.1.0,"b:value=1,chance_group=-1,self=,common=,min=1*Ppar(""buff_survay""),max=;r:value=100,chance_group=-1,self=,common=,min=,max=",hammer_2:1;faith:10,,15,10,false,true,false
surv:jewelry_detail_gold,None,jewelry_detail_gold,1,Золотые ювелирные детали,None,10,100,0,0,1,100,0,1,0,not_captured_probe_0.1.0,"b:value=1,chance_group=-1,self=,common=,min=1*Ppar(""buff_survay""),max=;r:value=100,chance_group=-1,self=,common=,min=,max=",jewelry_detail_gold:1;faith:10,,15,10,false,true,false
surv:jewelry_detail_silver,None,jewelry_detail_silver,1,Серебряные ювелирные детали,None,10,100,0,0,1,100,0,1,0,not_captured_probe_0.1.0,"b:value=1,chance_group=-1,self=,common=,min=1*Ppar(""buff_survay""),max=;r:value=100,chance_group=-1,self=,common=,min=,max=",jewelry_detail_silver:1;faith:10,,15,10,false,true,false
surv:faceted_emerald,None,faceted_emerald,1,Граненый изумруд,None,10,100,0,0,1,100,0,1,0,not_captured_probe_0.1.0,"b:value=1,chance_group=-1,self=,common=,min=1*Ppar(""buff_survay""),max=;r:value=100,chance_group=-1,self=,common=,min=,max=",faceted_emerald:1;faith:10,,15,10,false,true,false
surv:axe_2,None,axe_2,1,Топор II,Axe,10,100,0,0,1,100,0,1,0,not_captured_probe_0.1.0,"b:value=1,chance_group=-1,self=,common=,min=1*Ppar(""buff_survay""),max=;r:value=100,chance_group=-1,self=,common=,min=,max=",axe_2:1;faith:10,,15,10,false,true,false
surv:pickaxe_2,None,pickaxe_2,1,Кирка II,Pickaxe,10,100,0,0,1,100,0,1,0,not_captured_probe_0.1.0,"b:value=1,chance_group=-1,self=,common=,min=1*Ppar(""buff_survay""),max=;r:value=100,chance_group=-1,self=,common=,min=,max=",pickaxe_2:1;faith:10,,15,10,false,true,false
surv:shovel_2,None,shovel_2,1,Лопата II,Shovel,10,100,0,0,1,100,0,1,0,not_captured_probe_0.1.0,"b:value=1,chance_group=-1,self=,common=,min=1*Ppar(""buff_survay""),max=;r:value=100,chance_group=-1,self=,common=,min=,max=",shovel_2:1;faith:10,,15,10,false,true,false
surv:sword_damask_gem,None,sword_damask_gem,1,Меч из дамасской стали с самоцветом,Sword,10,150,0,0,1,150,0,1,0,not_captured_probe_0.1.0,"b:value=1,chance_group=-1,self=,common=,min=1*Ppar(""buff_survay""),max=;r:value=150,chance_group=-1,self=,common=,min=,max=",sword_damask_gem:1;faith:10,,15,10,false,true,false
surv:sword_steel_gem,None,sword_steel_gem,1,Стальной меч с самоцветом,Sword,10,100,0,0,1,100,0,1,0,not_captured_probe_0.1.0,"b:value=1,chance_group=-1,self=,common=,min=1*Ppar(""buff_survay""),max=;r:value=100,chance_group=-1,self=,common=,min=,max=",sword_steel_gem:1;faith:10,,15,10,false,true,false
surv:armor_lamellar_2,None,armor_lamellar_2,1,Стальная броня,BodyArmor,10,150,0,0,1,150,0,1,0,not_captured_probe_0.1.0,"b:value=1,chance_group=-1,self=,common=,min=1*Ppar(""buff_survay""),max=;r:value=150,chance_group=-1,self=,common=,min=,max=",armor_lamellar_2:1;faith:10,,15,10,false,true,false
surv:wood1,None,wood1,1,Чурбан,None,1,0,10,0,1,0,10,1,0,not_captured_probe_0.1.0,"b:value=1,chance_group=-1,self=,common=,min=1*Ppar(""buff_survay""),max=;g:value=10,chance_group=-1,self=,common=,min=,max=",wood1:1;faith:1,,5,3,false,true,false
surv:flitch,None,flitch,1,Доска,None,1,10,0,0,1,10,0,1,0,not_captured_probe_0.1.0,"b:value=1,chance_group=-1,self=,common=,min=1*Ppar(""buff_survay""),max=;r:value=10,chance_group=-1,self=,common=,min=,max=",flitch:1;faith:1,,5,3,false,true,false
surv:clay,None,clay,1,Глина,None,1,0,10,0,1,0,10,1,0,not_captured_probe_0.1.0,"b:value=1,chance_group=-1,self=,common=,min=1*Ppar(""buff_survay""),max=;g:value=10,chance_group=-1,self=,common=,min=,max=",clay:1;faith:1,,5,3,false,true,false
surv:polishing_paste,None,polishing_paste,1,Полировочная паста,None,1,10,0,0,1,10,0,1,0,not_captured_probe_0.1.0,"b:value=1,chance_group=-1,self=,common=,min=1*Ppar(""buff_survay""),max=;r:value=10,chance_group=-1,self=,common=,min=,max=",polishing_paste:1;faith:1,,5,3,false,true,false
surv:ceramic_1,None,ceramic_1,1,Керамическая миска,None,1,10,0,0,1,10,0,1,0,not_captured_probe_0.1.0,"b:value=1,chance_group=-1,self=,common=,min=1*Ppar(""buff_survay""),max=;r:value=10,chance_group=-1,self=,common=,min=,max=",ceramic_1:1;faith:1,,5,3,false,true,false
surv:firewood,None,firewood,1,Дрова,None,2,20,0,0,1,20,0,1,0,not_captured_probe_0.1.0,"b:value=1,chance_group=-1,self=,common=,min=1*Ppar(""buff_survay""),max=;r:value=20,chance_group=-1,self=,common=,min=,max=",firewood:1;faith:2,,5,3,false,true,false
surv:coal,None,coal,1,Уголь,None,2,0,20,0,1,0,20,1,0,not_captured_probe_0.1.0,"b:value=1,chance_group=-1,self=,common=,min=1*Ppar(""buff_survay""),max=;g:value=20,chance_group=-1,self=,common=,min=,max=",coal:1;faith:2,,5,3,false,true,false
surv:spike_1,None,spike_1,1,Деревянные клинья,None,2,20,0,0,1,20,0,1,0,not_captured_probe_0.1.0,"b:value=1,chance_group=-1,self=,common=,min=1*Ppar(""buff_survay""),max=;r:value=20,chance_group=-1,self=,common=,min=,max=",spike_1:1;faith:2,,5,3,false,true,false
surv:stone_plate_1,None,stone_plate_1,1,Кусок камня,None,2,20,0,0,1,20,0,1,0,not_captured_probe_0.1.0,"b:value=1,chance_group=-1,self=,common=,min=1*Ppar(""buff_survay""),max=;r:value=20,chance_group=-1,self=,common=,min=,max=",stone_plate_1:1;faith:2,,5,3,false,true,false
surv:ceramic_2,None,ceramic_2,1,Керамический кувшин,None,2,20,0,0,1,20,0,1,0,not_captured_probe_0.1.0,"b:value=1,chance_group=-1,self=,common=,min=1*Ppar(""buff_survay""),max=;r:value=20,chance_group=-1,self=,common=,min=,max=",ceramic_2:1;faith:2,,5,3,false,true,false
surv:marble_plate_1,None,marble_plate_1,1,Кусок мрамора,None,3,30,0,0,1,30,0,1,0,not_captured_probe_0.1.0,"b:value=1,chance_group=-1,self=,common=,min=1*Ppar(""buff_survay""),max=;r:value=30,chance_group=-1,self=,common=,min=,max=",marble_plate_1:1;faith:3,,5,3,false,true,false
surv:sulfur,None,sulfur,1,Сера,None,3,0,30,0,1,0,30,1,0,not_captured_probe_0.1.0,"b:value=1,chance_group=-1,self=,common=,min=1*Ppar(""buff_survay""),max=;g:value=30,chance_group=-1,self=,common=,min=,max=",sulfur:1;faith:3,,5,3,false,true,false
surv:wooden_plank,None,wooden_plank,1,Брус,None,3,30,0,0,1,30,0,1,0,not_captured_probe_0.1.0,"b:value=1,chance_group=-1,self=,common=,min=1*Ppar(""buff_survay""),max=;r:value=30,chance_group=-1,self=,common=,min=,max=",wooden_plank:1;faith:3,,5,3,false,true,false
surv:stone_plate_2,None,stone_plate_2,1,Полированный камень,None,3,30,0,0,1,30,0,1,0,not_captured_probe_0.1.0,"b:value=1,chance_group=-1,self=,common=,min=1*Ppar(""buff_survay""),max=;r:value=30,chance_group=-1,self=,common=,min=,max=",stone_plate_2:1;faith:3,,5,3,false,true,false
surv:wood_balk_1,None,wood_balk_1,1,Деревянная балка,None,5,50,0,0,1,50,0,1,0,not_captured_probe_0.1.0,"b:value=1,chance_group=-1,self=,common=,min=1*Ppar(""buff_survay""),max=;r:value=50,chance_group=-1,self=,common=,min=,max=",wood_balk_1:1;faith:5,,5,3,false,true,false
surv:marble_plate_2,None,marble_plate_2,1,Полированный мрамор,None,5,50,0,0,1,50,0,1,0,not_captured_probe_0.1.0,"b:value=1,chance_group=-1,self=,common=,min=1*Ppar(""buff_survay""),max=;r:value=50,chance_group=-1,self=,common=,min=,max=",marble_plate_2:1;faith:5,,5,3,false,true,false
surv:ceramic_3,None,ceramic_3,1,Фарфоровый кувшин,None,5,50,0,0,1,50,0,1,0,not_captured_probe_0.1.0,"b:value=1,chance_group=-1,self=,common=,min=1*Ppar(""buff_survay""),max=;r:value=50,chance_group=-1,self=,common=,min=,max=",ceramic_3:1;faith:5,,5,3,false,true,false
surv:stone_plate_3,None,stone_plate_3,1,Резной камень,None,5,50,0,0,1,50,0,1,0,not_captured_probe_0.1.0,"b:value=1,chance_group=-1,self=,common=,min=1*Ppar(""buff_survay""),max=;r:value=50,chance_group=-1,self=,common=,min=,max=",stone_plate_3:1;faith:5,,5,3,false,true,false
surv:pyrite,None,pyrite,1,Пирит,None,7,0,70,0,1,0,70,1,0,not_captured_probe_0.1.0,"b:value=1,chance_group=-1,self=,common=,min=1*Ppar(""buff_survay""),max=;g:value=70,chance_group=-1,self=,common=,min=,max=",pyrite:1;faith:7,,5,3,false,true,false
surv:wood_constr_1,None,wood_constr_1,1,Деревянная конструкция,None,7,100,0,0,1,100,0,1,0,not_captured_probe_0.1.0,"b:value=1,chance_group=-1,self=,common=,min=1*Ppar(""buff_survay""),max=;r:value=100,chance_group=-1,self=,common=,min=,max=",wood_constr_1:1;faith:7,,5,3,false,true,false
surv:carved_wood,None,carved_wood:1;carved_wood:2;carved_wood:3,3,Резное дерево;Резное дерево;Резное дерево,None,10,150,0,0,1,150,0,1,0,not_captured_probe_0.1.0,"b:value=1,chance_group=-1,self=,common=,min=1*Ppar(""buff_survay""),max=;r:value=150,chance_group=-1,self=,common=,min=,max=",carved_wood:1;faith:10,,15,10,false,true,false
surv:marble_plate_3,None,marble_plate_3:1;marble_plate_3:2;marble_plate_3:3,3,Резной мрамор;Резной мрамор;Резной мрамор,None,10,150,0,0,1,150,0,1,0,not_captured_probe_0.1.0,"b:value=1,chance_group=-1,self=,common=,min=1*Ppar(""buff_survay""),max=;r:value=150,chance_group=-1,self=,common=,min=,max=",marble_plate_3:1;faith:10,,15,10,false,true,false
surv:dessert:jelly_green,None,dessert:jelly_green,1,Зеленое желе,None,1,0,10,0,1,0,10,1,0,not_captured_probe_0.1.0,"b:value=1,chance_group=-1,self=,common=,min=1*Ppar(""buff_survay""),max=;g:value=10,chance_group=-1,self=,common=,min=,max=",dessert:jelly_green:1;faith:1,,5,3,false,true,false
surv:pen:ink_pen,None,pen:ink_pen,1,Перо и чернила,None,2,10,10,0,1,10,10,1,0,not_captured_probe_0.1.0,"b:value=1,chance_group=-1,self=,common=,min=1*Ppar(""buff_survay""),max=;r:value=10,chance_group=-1,self=,common=,min=,max=;g:value=10,chance_group=-1,self=,common=,min=,max=",pen:ink_pen:1;faith:2,,5,3,false,true,false
surv:skroll_skin_pig,None,skroll_skin_pig,1,Бумага из свиной кожи,None,2,10,10,0,1,10,10,1,0,not_captured_probe_0.1.0,"b:value=1,chance_group=-1,self=,common=,min=1*Ppar(""buff_survay""),max=;r:value=10,chance_group=-1,self=,common=,min=,max=;g:value=10,chance_group=-1,self=,common=,min=,max=",skroll_skin_pig:1;faith:2,,5,3,false,true,false
surv:cover:cover_1,None,cover:cover_1,1,Мягкая обложка,None,3,50,0,0,1,50,0,1,0,not_captured_probe_0.1.0,"b:value=1,chance_group=-1,self=,common=,min=1*Ppar(""buff_survay""),max=;r:value=50,chance_group=-1,self=,common=,min=,max=",cover:cover_1:1;faith:3,,5,3,false,true,false
surv:cover:cover_hard,None,cover:cover_hard:1;cover:cover_hard:2;cover:cover_hard:3,3,Твердая обложка;Твердая обложка;Твердая обложка,None,5,100,0,0,1,100,0,1,0,not_captured_probe_0.1.0,"b:value=1,chance_group=-1,self=,common=,min=1*Ppar(""buff_survay""),max=;r:value=100,chance_group=-1,self=,common=,min=,max=",cover:cover_hard:1;faith:5,,5,3,false,true,false
surv:goo,None,goo,1,Слизь,None,0,0,5,0,0,0,5,0,0,not_captured_probe_0.1.0,"g:value=5,chance_group=-1,self=,common=,min=,max=",goo:1,,5,2,false,true,false
surv:alchemy_1_brown,None,alchemy_1_brown,1,Порошок замедления,None,0,0,5,0,0,0,5,0,0,not_captured_probe_0.1.0,"g:value=5,chance_group=-1,self=,common=,min=,max=",alchemy_1_brown:1,,5,2,false,true,false
surv:alchemy_1_d_blue,None,alchemy_1_d_blue,1,Порошок ускорения,None,0,0,5,0,0,0,5,0,0,not_captured_probe_0.1.0,"g:value=5,chance_group=-1,self=,common=,min=,max=",alchemy_1_d_blue:1,,5,2,false,true,false
surv:alchemy_1_d_green,None,alchemy_1_d_green,1,Порошок здоровья,None,0,0,5,0,0,0,5,0,0,not_captured_probe_0.1.0,"g:value=5,chance_group=-1,self=,common=,min=,max=",alchemy_1_d_green:1,,5,2,false,true,false
surv:alchemy_1_d_violet,None,alchemy_1_d_violet,1,Порошок смерти,None,0,0,0,5,0,0,0,5,0,not_captured_probe_0.1.0,"b:value=5,chance_group=-1,self=,common=,min=,max=",alchemy_1_d_violet:1,,5,2,false,true,false
surv:alchemy_1_green,None,alchemy_1_green,1,Порошок порядка,None,0,0,5,0,0,0,5,0,0,not_captured_probe_0.1.0,"g:value=5,chance_group=-1,self=,common=,min=,max=",alchemy_1_green:1,,5,2,false,true,false
surv:alchemy_1_red,None,alchemy_1_red,1,Токсичный порошок,None,0,0,5,0,0,0,5,0,0,not_captured_probe_0.1.0,"g:value=5,chance_group=-1,self=,common=,min=,max=",alchemy_1_red:1,,5,2,false,true,false
surv:alchemy_1_violet,None,alchemy_1_violet,1,Порошок хаоса,None,0,0,0,5,0,0,0,5,0,not_captured_probe_0.1.0,"b:value=5,chance_group=-1,self=,common=,min=,max=",alchemy_1_violet:1,,5,2,false,true,false
surv:alchemy_1_yellow,None,alchemy_1_yellow,1,Порошок жизни,None,0,0,0,5,0,0,0,5,0,not_captured_probe_0.1.0,"b:value=5,chance_group=-1,self=,common=,min=,max=",alchemy_1_yellow:1,,5,2,false,true,false
surv:alchemy_2_brown,None,alchemy_2_brown,1,Раствор замедления,None,0,0,5,0,0,0,5,0,0,not_captured_probe_0.1.0,"g:value=5,chance_group=-1,self=,common=,min=,max=",alchemy_2_brown:1,,5,2,false,true,false
surv:alchemy_2_d_blue,None,alchemy_2_d_blue,1,Раствор ускорения,None,0,0,5,0,0,0,5,0,0,not_captured_probe_0.1.0,"g:value=5,chance_group=-1,self=,common=,min=,max=",alchemy_2_d_blue:1,,5,2,false,true,false
surv:alchemy_2_d_green,None,alchemy_2_d_green,1,Раствор здоровья,None,0,0,5,0,0,0,5,0,0,not_captured_probe_0.1.0,"g:value=5,chance_group=-1,self=,common=,min=,max=",alchemy_2_d_green:1,,5,2,false,true,false
surv:alchemy_2_d_violet,None,alchemy_2_d_violet,1,Раствор смерти,None,0,0,0,5,0,0,0,5,0,not_captured_probe_0.1.0,"b:value=5,chance_group=-1,self=,common=,min=,max=",alchemy_2_d_violet:1,,5,2,false,true,false
surv:alchemy_2_green,None,alchemy_2_green,1,Раствор порядка,None,0,0,5,0,0,0,5,0,0,not_captured_probe_0.1.0,"g:value=5,chance_group=-1,self=,common=,min=,max=",alchemy_2_green:1,,5,2,false,true,false
surv:alchemy_2_red,None,alchemy_2_red,1,Раствор токсичности,None,0,0,5,0,0,0,5,0,0,not_captured_probe_0.1.0,"g:value=5,chance_group=-1,self=,common=,min=,max=",alchemy_2_red:1,,5,2,false,true,false
surv:alchemy_2_violet,None,alchemy_2_violet,1,Раствор хаоса,None,0,0,0,5,0,0,0,5,0,not_captured_probe_0.1.0,"b:value=5,chance_group=-1,self=,common=,min=,max=",alchemy_2_violet:1,,5,2,false,true,false
surv:alchemy_2_yellow,None,alchemy_2_yellow,1,Раствор жизни,None,0,0,0,5,0,0,0,5,0,not_captured_probe_0.1.0,"b:value=5,chance_group=-1,self=,common=,min=,max=",alchemy_2_yellow:1,,5,2,false,true,false
surv:alchemy_3_brown,None,alchemy_3_brown,1,Экстракт замедления,None,0,0,5,0,0,0,5,0,0,not_captured_probe_0.1.0,"g:value=5,chance_group=-1,self=,common=,min=,max=",alchemy_3_brown:1,,5,2,false,true,false
surv:alchemy_3_d_blue,None,alchemy_3_d_blue,1,Экстракт ускорения,None,0,0,5,0,0,0,5,0,0,not_captured_probe_0.1.0,"g:value=5,chance_group=-1,self=,common=,min=,max=",alchemy_3_d_blue:1,,5,2,false,true,false
surv:alchemy_3_d_green,None,alchemy_3_d_green,1,Экстракт здоровья,None,0,0,5,0,0,0,5,0,0,not_captured_probe_0.1.0,"g:value=5,chance_group=-1,self=,common=,min=,max=",alchemy_3_d_green:1,,5,2,false,true,false
surv:alchemy_3_d_violet,None,alchemy_3_d_violet,1,Экстракт смерти,None,0,0,0,5,0,0,0,5,0,not_captured_probe_0.1.0,"b:value=5,chance_group=-1,self=,common=,min=,max=",alchemy_3_d_violet:1,,5,2,false,true,false
surv:alchemy_3_green,None,alchemy_3_green,1,Экстракт порядка,None,0,0,5,0,0,0,5,0,0,not_captured_probe_0.1.0,"g:value=5,chance_group=-1,self=,common=,min=,max=",alchemy_3_green:1,,5,2,false,true,false
surv:alchemy_3_red,None,alchemy_3_red,1,Экстракт токсичности,None,0,0,5,0,0,0,5,0,0,not_captured_probe_0.1.0,"g:value=5,chance_group=-1,self=,common=,min=,max=",alchemy_3_red:1,,5,2,false,true,false
surv:alchemy_3_violet,None,alchemy_3_violet,1,Экстракт хаоса,None,0,0,0,5,0,0,0,5,0,not_captured_probe_0.1.0,"b:value=5,chance_group=-1,self=,common=,min=,max=",alchemy_3_violet:1,,5,2,false,true,false
surv:alchemy_3_yellow,None,alchemy_3_yellow,1,Экстракт жизни,None,0,0,0,5,0,0,0,5,0,not_captured_probe_0.1.0,"b:value=5,chance_group=-1,self=,common=,min=,max=",alchemy_3_yellow:1,,5,2,false,true,false
surv:goo_brown,None,goo_brown,1,Замедляющая слизь,None,0,0,1,0,0,0,1,0,0,not_captured_probe_0.1.0,"g:value=1,chance_group=-1,self=,common=,min=,max=",goo_brown:1,,5,2,false,true,false
surv:goo_d_blue,None,goo_d_blue,1,Слизь ускорения,None,0,0,1,0,0,0,1,0,0,not_captured_probe_0.1.0,"g:value=1,chance_group=-1,self=,common=,min=,max=",goo_d_blue:1,,5,2,false,true,false
surv:goo_d_green,None,goo_d_green,1,Слизь здоровья,None,0,0,1,0,0,0,1,0,0,not_captured_probe_0.1.0,"g:value=1,chance_group=-1,self=,common=,min=,max=",goo_d_green:1,,5,2,false,true,false
surv:goo_d_violet,None,goo_d_violet,1,Слизь смерти,None,0,0,0,1,0,0,0,1,0,not_captured_probe_0.1.0,"b:value=1,chance_group=-1,self=,common=,min=,max=",goo_d_violet:1,,5,2,false,true,false
surv:goo_green,None,goo_green,1,Слизь порядка,None,0,0,1,0,0,0,1,0,0,not_captured_probe_0.1.0,"g:value=1,chance_group=-1,self=,common=,min=,max=",goo_green:1,,5,2,false,true,false
surv:goo_red,None,goo_red,1,Ядовитая слизь,None,0,0,1,0,0,0,1,0,0,not_captured_probe_0.1.0,"g:value=1,chance_group=-1,self=,common=,min=,max=",goo_red:1,,5,2,false,true,false
surv:goo_violet,None,goo_violet,1,Слизь хаоса,None,0,0,0,1,0,0,0,1,0,not_captured_probe_0.1.0,"b:value=1,chance_group=-1,self=,common=,min=,max=",goo_violet:1,,5,2,false,true,false
surv:goo_yellow,None,goo_yellow,1,Слизь жизни,None,0,0,0,1,0,0,0,1,0,not_captured_probe_0.1.0,"b:value=1,chance_group=-1,self=,common=,min=,max=",goo_yellow:1,,5,2,false,true,false
surv:goo_alcohol,None,goo_alcohol,1,Алкогольная слизь,None,0,0,0,1,0,0,0,1,0,not_captured_probe_0.1.0,"b:value=1,chance_group=-1,self=,common=,min=,max=",goo_alcohol:1,,5,2,false,true,false
surv:goo_ash,None,goo_ash,1,Пепельная слизь,None,0,1,0,0,0,1,0,0,0,not_captured_probe_0.1.0,"r:value=1,chance_group=-1,self=,common=,min=,max=",goo_ash:1,,5,2,false,true,false
surv:goo_blood,None,goo_blood,1,Кровавая слизь,None,0,1,0,0,0,1,0,0,0,not_captured_probe_0.1.0,"r:value=1,chance_group=-1,self=,common=,min=,max=",goo_blood:1,,5,2,false,true,false
surv:goo_gold,None,goo_gold,1,Золотая слизь,None,0,0,0,1,0,0,0,1,0,not_captured_probe_0.1.0,"b:value=1,chance_group=-1,self=,common=,min=,max=",goo_gold:1,,5,2,false,true,false
surv:goo_graphite,None,goo_graphite,1,Графитовая слизь,None,0,0,1,0,0,0,1,0,0,not_captured_probe_0.1.0,"g:value=1,chance_group=-1,self=,common=,min=,max=",goo_graphite:1,,5,2,false,true,false
surv:goo_oil,None,goo_oil,1,Масляная слизь,None,0,0,1,0,0,0,1,0,0,not_captured_probe_0.1.0,"g:value=1,chance_group=-1,self=,common=,min=,max=",goo_oil:1,,5,2,false,true,false
surv:goo_salt,None,goo_salt,1,Соленая слизь,None,0,1,0,0,0,1,0,0,0,not_captured_probe_0.1.0,"r:value=1,chance_group=-1,self=,common=,min=,max=",goo_salt:1,,5,2,false,true,false
surv:goo_silver,None,goo_silver,1,Серебряная слизь,None,0,0,0,1,0,0,0,1,0,not_captured_probe_0.1.0,"b:value=1,chance_group=-1,self=,common=,min=,max=",goo_silver:1,,5,2,false,true,false
surv:goo_spice,None,goo_spice,1,Пряная слизь,None,0,1,1,1,0,1,1,1,0,not_captured_probe_0.1.0,"r:value=1,chance_group=-1,self=,common=,min=,max=;g:value=1,chance_group=-1,self=,common=,min=,max=;b:value=1,chance_group=-1,self=,common=,min=,max=",goo_spice:1,,5,2,false,true,false
surv:goo_water,None,goo_water,1,Водяная слизь,None,0,0,1,0,0,0,1,0,0,not_captured_probe_0.1.0,"g:value=1,chance_group=-1,self=,common=,min=,max=",goo_water:1,,5,2,false,true,false
surv:goo_white,None,goo_white,1,Белая слизь,None,0,0,1,0,0,0,1,0,0,not_captured_probe_0.1.0,"g:value=1,chance_group=-1,self=,common=,min=,max=",goo_white:1,,5,2,false,true,false
surv:goo_yellow_electro,None,goo_yellow_electro,1,Электрическая слизь,None,0,1,0,0,0,1,0,0,0,not_captured_probe_0.1.0,"r:value=1,chance_group=-1,self=,common=,min=,max=",goo_yellow_electro:1,,5,2,false,true,false
surv:grave_top_wd_tab_1,None,grave_top_wd_tab_1,1,Деревянная табличка,GraveStone,1,0,0,10,1,0,0,11,0,not_captured_probe_0.1.0,"b:value=1,chance_group=-1,self=,common=,min=1*Ppar(""buff_survay""),max=;b:value=10,chance_group=-1,self=,common=,min=,max=",grave_top_wd_tab_1:1;faith:1,,5,2,false,true,false
surv:grave_top_wd_cross_1,None,grave_top_wd_cross_1,1,Деревянный крест,GraveStone,2,0,0,20,1,0,0,21,0,not_captured_probe_0.1.0,"b:value=1,chance_group=-1,self=,common=,min=1*Ppar(""buff_survay""),max=;b:value=20,chance_group=-1,self=,common=,min=,max=",grave_top_wd_cross_1:1;faith:2,,5,2,false,true,false
surv:grave_bot_wd_1,None,grave_bot_wd_1,1,Деревянная ограда,GraveFence,2,0,0,20,1,0,0,21,0,not_captured_probe_0.1.0,"b:value=1,chance_group=-1,self=,common=,min=1*Ppar(""buff_survay""),max=;b:value=20,chance_group=-1,self=,common=,min=,max=",grave_bot_wd_1:1;faith:2,,5,2,false,true,false
surv:grave_top_stn_plate_1,None,grave_top_stn_plate_1,1,Могильный камень,GraveStone,2,0,0,20,1,0,0,21,0,not_captured_probe_0.1.0,"b:value=1,chance_group=-1,self=,common=,min=1*Ppar(""buff_survay""),max=;b:value=20,chance_group=-1,self=,common=,min=,max=",grave_top_stn_plate_1:1;faith:2,,5,2,false,true,false
surv:grave_bot_stn_1,None,grave_bot_stn_1,1,Каменная ограда,GraveFence,3,0,0,30,1,0,0,31,0,not_captured_probe_0.1.0,"b:value=1,chance_group=-1,self=,common=,min=1*Ppar(""buff_survay""),max=;b:value=30,chance_group=-1,self=,common=,min=,max=",grave_bot_stn_1:1;faith:3,,5,2,false,true,false
surv:grave_top_stn_cross_1,None,grave_top_stn_cross_1,1,Каменный крест,GraveStone,3,0,0,30,1,0,0,31,0,not_captured_probe_0.1.0,"b:value=1,chance_group=-1,self=,common=,min=1*Ppar(""buff_survay""),max=;b:value=30,chance_group=-1,self=,common=,min=,max=",grave_top_stn_cross_1:1;faith:3,,5,2,false,true,false
surv:grave_top_stn_plate_2,None,grave_top_stn_plate_2,1,Могильный камень II,GraveStone,3,0,0,30,1,0,0,31,0,not_captured_probe_0.1.0,"b:value=1,chance_group=-1,self=,common=,min=1*Ppar(""buff_survay""),max=;b:value=30,chance_group=-1,self=,common=,min=,max=",grave_top_stn_plate_2:1;faith:3,,5,2,false,true,false
surv:grave_bot_stn_2,None,grave_bot_stn_2,1,Каменная ограда II,GraveFence,3,0,0,30,1,0,0,31,0,not_captured_probe_0.1.0,"b:value=1,chance_group=-1,self=,common=,min=1*Ppar(""buff_survay""),max=;b:value=30,chance_group=-1,self=,common=,min=,max=",grave_bot_stn_2:1;faith:3,,5,2,false,true,false
surv:grave_top_stn_cross_2,None,grave_top_stn_cross_2,1,Каменный крест II,GraveStone,3,0,0,30,1,0,0,31,0,not_captured_probe_0.1.0,"b:value=1,chance_group=-1,self=,common=,min=1*Ppar(""buff_survay""),max=;b:value=30,chance_group=-1,self=,common=,min=,max=",grave_top_stn_cross_2:1;faith:3,,5,2,false,true,false
surv:grave_top_stella_stn_1,None,grave_top_stella_stn_1,1,Каменная стела,GraveStone,5,0,0,30,1,0,0,31,0,not_captured_probe_0.1.0,"b:value=1,chance_group=-1,self=,common=,min=1*Ppar(""buff_survay""),max=;b:value=30,chance_group=-1,self=,common=,min=,max=",grave_top_stella_stn_1:1;faith:5,,5,2,false,true,false
surv:grave_top_sculpt_stn_1,None,grave_top_sculpt_stn_1,1,Каменная скульптура,GraveStone,5,0,0,50,1,0,0,51,0,not_captured_probe_0.1.0,"b:value=1,chance_group=-1,self=,common=,min=1*Ppar(""buff_survay""),max=;b:value=50,chance_group=-1,self=,common=,min=,max=",grave_top_sculpt_stn_1:1;faith:5,,5,2,false,true,false
surv:grave_top_sculpt_stn_2,None,grave_top_sculpt_stn_2,1,Каменная скульптура II,GraveStone,5,0,0,50,1,0,0,51,0,not_captured_probe_0.1.0,"b:value=1,chance_group=-1,self=,common=,min=1*Ppar(""buff_survay""),max=;b:value=50,chance_group=-1,self=,common=,min=,max=",grave_top_sculpt_stn_2:1;faith:5,,5,2,false,true,false
surv:grave_bot_mrb_1,None,grave_bot_mrb_1,1,Мраморная ограда,GraveFence,7,0,0,80,1,0,0,81,0,not_captured_probe_0.1.0,"b:value=1,chance_group=-1,self=,common=,min=1*Ppar(""buff_survay""),max=;b:value=80,chance_group=-1,self=,common=,min=,max=",grave_bot_mrb_1:1;faith:7,,5,2,false,true,false
surv:grave_top_mrb_cross_1,None,grave_top_mrb_cross_1,1,Мраморный крест,GraveStone,7,0,0,80,1,0,0,81,0,not_captured_probe_0.1.0,"b:value=1,chance_group=-1,self=,common=,min=1*Ppar(""buff_survay""),max=;b:value=80,chance_group=-1,self=,common=,min=,max=",grave_top_mrb_cross_1:1;faith:7,,5,2,false,true,false
surv:grave_bot_mrb_2,None,grave_bot_mrb_2,1,Мраморная ограда II,GraveFence,8,0,0,90,1,0,0,91,0,not_captured_probe_0.1.0,"b:value=1,chance_group=-1,self=,common=,min=1*Ppar(""buff_survay""),max=;b:value=90,chance_group=-1,self=,common=,min=,max=",grave_bot_mrb_2:1;faith:8,,10,10,false,true,false
surv:grave_top_mrb_cross_2,None,grave_top_mrb_cross_2,1,Мраморный крест II,GraveStone,8,0,0,90,1,0,0,91,0,not_captured_probe_0.1.0,"b:value=1,chance_group=-1,self=,common=,min=1*Ppar(""buff_survay""),max=;b:value=90,chance_group=-1,self=,common=,min=,max=",grave_top_mrb_cross_2:1;faith:8,,10,10,false,true,false
surv:grave_top_stella_mrb_1,None,grave_top_stella_mrb_1,1,Мраморная стела,GraveStone,8,0,0,90,1,0,0,91,0,not_captured_probe_0.1.0,"b:value=1,chance_group=-1,self=,common=,min=1*Ppar(""buff_survay""),max=;b:value=90,chance_group=-1,self=,common=,min=,max=",grave_top_stella_mrb_1:1;faith:8,,10,10,false,true,false
surv:grave_top_sarcofag_mrb_1,None,grave_top_sarcofag_mrb_1,1,Мраморный саркофаг,GraveFence,10,0,0,100,1,0,0,101,0,not_captured_probe_0.1.0,"b:value=1,chance_group=-1,self=,common=,min=1*Ppar(""buff_survay""),max=;b:value=100,chance_group=-1,self=,common=,min=,max=",grave_top_sarcofag_mrb_1:1;faith:10,,15,10,false,true,false
surv:grave_top_sculpt_mrb_1,None,grave_top_sculpt_mrb_1,1,Мраморная скульптура,GraveStone,10,0,0,100,1,0,0,101,0,not_captured_probe_0.1.0,"b:value=1,chance_group=-1,self=,common=,min=1*Ppar(""buff_survay""),max=;b:value=100,chance_group=-1,self=,common=,min=,max=",grave_top_sculpt_mrb_1:1;faith:10,,15,10,false,true,false
surv:grave_top_sculpt_mrb_2,None,grave_top_sculpt_mrb_2,1,Мраморная скульптура II,GraveStone,10,0,0,100,1,0,0,101,0,not_captured_probe_0.1.0,"b:value=1,chance_group=-1,self=,common=,min=1*Ppar(""buff_survay""),max=;b:value=100,chance_group=-1,self=,common=,min=,max=",grave_top_sculpt_mrb_2:1;faith:10,,15,10,false,true,false
surv:grave_bot_stn_8,None,grave_bot_stn_8,1,Каменная ограда VIII,GraveFence,10,0,0,100,1,0,0,101,0,not_captured_probe_0.1.0,"b:value=1,chance_group=-1,self=,common=,min=1*Ppar(""buff_survay""),max=;b:value=100,chance_group=-1,self=,common=,min=,max=",grave_bot_stn_8:1;faith:10,,15,10,false,true,false
surv:grave_bot_mrb_8,None,grave_bot_mrb_8,1,Мраморная ограда VIII,GraveFence,10,0,0,120,1,0,0,121,0,not_captured_probe_0.1.0,"b:value=1,chance_group=-1,self=,common=,min=1*Ppar(""buff_survay""),max=;b:value=120,chance_group=-1,self=,common=,min=,max=",grave_bot_mrb_8:1;faith:10,,15,10,false,true,false
surv:grave_top_sculpt_stn_5,None,grave_top_sculpt_stn_5,1,Каменная скульптура VI,GraveStone,10,0,0,100,1,0,0,101,0,not_captured_probe_0.1.0,"b:value=1,chance_group=-1,self=,common=,min=1*Ppar(""buff_survay""),max=;b:value=100,chance_group=-1,self=,common=,min=,max=",grave_top_sculpt_stn_5:1;faith:10,,15,10,false,true,false
surv:grave_top_sculpt_mrb_5,None,grave_top_sculpt_mrb_5,1,Мраморная скульптура VI,GraveStone,10,0,0,120,1,0,0,121,0,not_captured_probe_0.1.0,"b:value=1,chance_group=-1,self=,common=,min=1*Ppar(""buff_survay""),max=;b:value=120,chance_group=-1,self=,common=,min=,max=",grave_top_sculpt_mrb_5:1;faith:10,,15,10,false,true,false
surv:blood,None,blood;blood:blood_2_-1;blood:blood_3_-1;blood:blood_1_0;blood:blood_1_1;blood:blood_1_2;blood:blood_1_3;blood:blood_2_0;blood:blood_2_1;blood:blood_2_2;blood:blood_2_3;blood:blood_3_0;blood:blood_3_1;blood:blood_3_2;blood:blood_3_3;blood:blood_mod,16,Кровь;Модифицированная кровь;Модифицированная кровь;Модифицированная кровь;Модифицированная кровь;Модифицированная кровь;Модифицированная кровь;Модифицированная кровь;Модифицированная кровь;Модифицированная кровь;Модифицированная кровь;Модифицированная кровь;Модифицированная кровь;Модифицированная кровь;Модифицированная кровь;Кровь,BodyUniversalPart,1,0,0,20,1,0,0,21,0,not_captured_probe_0.1.0,"b:value=1,chance_group=-1,self=,common=,min=1*Ppar(""buff_survay""),max=;b:value=20,chance_group=-1,self=,common=,min=,max=",blood:1;faith:1,,1,1,false,true,false
surv:skull,None,skull,1,Череп,BodyUniversalPart,1,0,0,20,1,0,0,21,0,not_captured_probe_0.1.0,"b:value=1,chance_group=-1,self=,common=,min=1*Ppar(""buff_survay""),max=;b:value=20,chance_group=-1,self=,common=,min=,max=",skull:1;faith:1,,5,3,false,true,false
surv:skin,None,skin;skin:skin_-1_2;skin:skin_-1_3;skin:skin_0_1;skin:skin_0_2;skin:skin_0_3;skin:skin_1_1;skin:skin_1_2;skin:skin_1_3;skin:skin_2_1;skin:skin_2_2;skin:skin_2_3;skin:skin_3_1;skin:skin_3_2;skin:skin_3_3;skin:skin_mod,16,Кожа;Модифицированная кожа;Модифицированная кожа;Модифицированная кожа;Модифицированная кожа;Модифицированная кожа;Модифицированная кожа;Модифицированная кожа;Модифицированная кожа;Модифицированная кожа;Модифицированная кожа;Модифицированная кожа;Модифицированная кожа;Модифицированная кожа;Модифицированная кожа;Кожа,BodyUniversalPart,1,0,0,20,1,0,0,21,0,not_captured_probe_0.1.0,"b:value=1,chance_group=-1,self=,common=,min=1*Ppar(""buff_survay""),max=;b:value=20,chance_group=-1,self=,common=,min=,max=",skin:1;faith:1,,1,1,false,true,false
surv:fat,None,fat;fat:fat_2_-1;fat:fat_3_-1;fat:fat_1_0;fat:fat_1_1;fat:fat_1_2;fat:fat_1_3;fat:fat_2_0;fat:fat_2_1;fat:fat_2_2;fat:fat_2_3;fat:fat_3_0;fat:fat_3_1;fat:fat_3_2;fat:fat_3_3;fat:fat_mod,16,Жир;Модифицированный жир;Модифицированный жир;Модифицированный жир;Модифицированный жир;Модифицированный жир;Модифицированный жир;Модифицированный жир;Модифицированный жир;Модифицированный жир;Модифицированный жир;Модифицированный жир;Модифицированный жир;Модифицированный жир;Модифицированный жир;Жир,BodyUniversalPart,1,0,0,20,1,0,0,21,0,not_captured_probe_0.1.0,"b:value=1,chance_group=-1,self=,common=,min=1*Ppar(""buff_survay""),max=;b:value=20,chance_group=-1,self=,common=,min=,max=",fat:1;faith:1,,5,3,false,true,false
surv:flesh,None,flesh;flesh:flesh_0_2;flesh:flesh_0_3;flesh:flesh_1_1;flesh:flesh_1_2;flesh:flesh_1_3;flesh:flesh_2_1;flesh:flesh_2_2;flesh:flesh_2_3;flesh:flesh_3_1;flesh:flesh_3_2;flesh:flesh_3_3;flesh:flesh_mod,13,Мясо;Модифицированное мясо;Модифицированное мясо;Модифицированное мясо;Модифицированное мясо;Модифицированное мясо;Модифицированное мясо;Модифицированное мясо;Модифицированное мясо;Модифицированное мясо;Модифицированное мясо;Модифицированное мясо;Мясо,BodyUniversalPart,1,0,0,20,1,0,0,21,0,not_captured_probe_0.1.0,"b:value=1,chance_group=-1,self=,common=,min=1*Ppar(""buff_survay""),max=;b:value=20,chance_group=-1,self=,common=,min=,max=",flesh:1;faith:1,,5,3,false,true,false
surv:bone,None,bone,1,Кость,BodyUniversalPart,1,0,0,20,1,0,0,21,0,not_captured_probe_0.1.0,"b:value=1,chance_group=-1,self=,common=,min=1*Ppar(""buff_survay""),max=;b:value=20,chance_group=-1,self=,common=,min=,max=",bone:1;faith:1,,5,3,false,true,false
surv:heart,None,heart:heart_0_0;heart:heart_1_1;heart:heart_2_-1;heart:heart_0_2;heart:heart_2_0;heart:heart_0_1;heart:heart_2_1;heart:heart_2_2;heart:heart_-2_3;heart:heart_4_1;heart:heart_3_3;heart:heart_0_3;heart:heart_1_0;heart:heart_1_2;heart:heart_1_3;heart:heart_2_3;heart:heart_3_0;heart:heart_3_1;heart:heart_3_2;heart:heart_3_-1;heart:heart_-1_3;heart:heart_4_2;heart:heart_4_3,23,Сердце;Сердце;Сердце;Сердце;Сердце;Сердце;Сердце;Сердце;Сердце;Сердце;Сердце;Сердце;Сердце;Сердце;Сердце;Сердце;Сердце;Сердце;Сердце;Сердце;Сердце;Сердце;Сердце,BodyUniversalPart,3,0,0,50,1,0,0,51,0,not_captured_probe_0.1.0,"b:value=1,chance_group=-1,self=,common=,min=1*Ppar(""buff_survay""),max=;b:value=50,chance_group=-1,self=,common=,min=,max=",heart:1;faith:3,,5,3,false,true,false
surv:brain,None,brain:brain_0_0;brain:brain_1_1;brain:brain_2_-1;brain:brain_0_2;brain:brain_2_0;brain:brain_0_1;brain:brain_2_1;brain:brain_2_2;brain:brain_-2_3;brain:brain_4_1;brain:brain_3_3;brain:brain_0_3;brain:brain_1_0;brain:brain_1_2;brain:brain_1_3;brain:brain_2_3;brain:brain_3_0;brain:brain_3_1;brain:brain_3_2;brain:brain_3_-1;brain:brain_-1_3;brain:brain_4_2;brain:brain_4_3,23,Мозг;Мозг;Мозг;Мозг;Мозг;Мозг;Мозг;Мозг;Мозг;Мозг;Мозг;Мозг;Мозг;Мозг;Мозг;Мозг;Мозг;Мозг;Мозг;Мозг;Мозг;Мозг;Мозг,BodyUniversalPart,3,0,0,50,1,0,0,51,0,not_captured_probe_0.1.0,"b:value=1,chance_group=-1,self=,common=,min=1*Ppar(""buff_survay""),max=;b:value=50,chance_group=-1,self=,common=,min=,max=",brain:1;faith:3,,5,3,false,true,false
surv:intestine,None,intestine:intestine_0_0;intestine:intestine_1_1;intestine:intestine_2_-1;intestine:intestine_0_2;intestine:intestine_2_0;intestine:intestine_0_1;intestine:intestine_2_1;intestine:intestine_2_2;intestine:intestine_-2_3;intestine:intestine_4_1;intestine:intestine_3_3;intestine:intestine_0_3;intestine:intestine_1_0;intestine:intestine_1_2;intestine:intestine_1_3;intestine:intestine_2_3;intestine:intestine_3_0;intestine:intestine_3_1;intestine:intestine_3_2;intestine:intestine_3_-1;intestine:intestine_-1_3;intestine:intestine_4_2;intestine:intestine_4_3,23,Кишки;Кишки;Кишки;Кишки;Кишки;Кишки;Кишки;Кишки;Кишки;Кишки;Кишки;Кишки;Кишки;Кишки;Кишки;Кишки;Кишки;Кишки;Кишки;Кишки;Кишки;Кишки;Кишки,BodyUniversalPart,3,0,0,50,1,0,0,51,0,not_captured_probe_0.1.0,"b:value=1,chance_group=-1,self=,common=,min=1*Ppar(""buff_survay""),max=;b:value=50,chance_group=-1,self=,common=,min=,max=",intestine:1;faith:3,,5,3,false,true,false
surv:heart_dark,None,heart_dark,1,Тёмное сердце,BodyUniversalPart,5,0,0,100,1,0,0,101,0,not_captured_probe_0.1.0,"b:value=1,chance_group=-1,self=,common=,min=1*Ppar(""buff_survay""),max=;b:value=100,chance_group=-1,self=,common=,min=,max=",heart_dark:1;faith:5,,2,1,false,true,false
surv:intestine_dark,None,intestine_dark,1,Тёмный кишечник,BodyUniversalPart,5,0,0,100,1,0,0,101,0,not_captured_probe_0.1.0,"b:value=1,chance_group=-1,self=,common=,min=1*Ppar(""buff_survay""),max=;b:value=100,chance_group=-1,self=,common=,min=,max=",intestine_dark:1;faith:5,,2,1,false,true,false
surv:brain_dark,None,brain_dark,1,Тёмный мозг,BodyUniversalPart,5,0,0,100,1,0,0,101,0,not_captured_probe_0.1.0,"b:value=1,chance_group=-1,self=,common=,min=1*Ppar(""buff_survay""),max=;b:value=100,chance_group=-1,self=,common=,min=,max=",brain_dark:1;faith:5,,2,1,false,true,false
surv:quest_key_astrologer,None,quest_key_astrologer,1,Ключ хранителя,None,2,0,0,10,0,0,0,10,0,not_captured_probe_0.1.0,"b:value=10,chance_group=-1,self=,common=,min=,max=",quest_key_astrologer:1;quest_instruction_snake:1;faith:2,,0,0,false,true,false
surv:1h_obsidian,None,1h_obsidian,1,Обсидиан,None,4,25,15,100,0,25,15,100,0,not_captured_probe_0.1.0,"r:value=25,chance_group=-1,self=,common=,min=,max=;g:value=15,chance_group=-1,self=,common=,min=,max=;b:value=100,chance_group=-1,self=,common=,min=,max=",1h_obsidian:1;faith:4,,5,2,false,true,false
surv:dark_gold_cloak,None,dark_gold_cloak,1,Чёрно-золотой плащ,None,4,50,50,50,0,50,50,50,0,not_captured_probe_0.1.0,"r:value=50,chance_group=-1,self=,common=,min=,max=;g:value=50,chance_group=-1,self=,common=,min=,max=;b:value=50,chance_group=-1,self=,common=,min=,max=",dark_gold_cloak:1;faith:4,,10,2,false,true,false
surv:funeral_urn_1,None,funeral_urn_1,1,Керамическая урна с прахом,None,2,5,0,30,1,5,0,31,0,not_captured_probe_0.1.0,"b:value=1,chance_group=-1,self=,common=,min=1*Ppar(""buff_survay""),max=;r:value=5,chance_group=-1,self=,common=,min=,max=;b:value=30,chance_group=-1,self=,common=,min=,max=",funeral_urn_1:1;faith:2,,5,2,false,true,false
surv:funeral_urn_2,None,funeral_urn_2,1,Фарфоровая урна с прахом,None,4,10,0,50,1,10,0,51,0,not_captured_probe_0.1.0,"b:value=1,chance_group=-1,self=,common=,min=1*Ppar(""buff_survay""),max=;r:value=10,chance_group=-1,self=,common=,min=,max=;b:value=50,chance_group=-1,self=,common=,min=,max=",funeral_urn_2:1;faith:4,,5,2,false,true,false
surv:zombie_juise,None,zombie_juise,1,Экстракт зомби,None,3,0,10,10,1,0,10,11,0,not_captured_probe_0.1.0,"b:value=1,chance_group=-1,self=,common=,min=1*Ppar(""buff_survay""),max=;g:value=10,chance_group=-1,self=,common=,min=,max=;b:value=10,chance_group=-1,self=,common=,min=,max=",zombie_juise:1;faith:3,,10,2,false,true,false
surv:incense_1,None,incense_1,1,Благовония,None,1,5,0,15,0,5,0,15,0,not_captured_probe_0.1.0,"r:value=5,chance_group=-1,self=,common=,min=,max=;b:value=15,chance_group=-1,self=,common=,min=,max=",incense_1:1;faith:1,,5,2,false,true,false
surv:incense_2,None,incense_2,1,Благовония II,None,2,15,0,45,0,15,0,45,0,not_captured_probe_0.1.0,"r:value=15,chance_group=-1,self=,common=,min=,max=;b:value=45,chance_group=-1,self=,common=,min=,max=",incense_2:1;faith:2,,5,2,false,true,false
